<?xml version="1.0" encoding="UTF-8"?>
<?import javafx.scene.layout.*?>
<?import javafx.scene.control.*?>
<?import javafx.scene.control.*?>
<?import ca.ntro.app.fx.controls.ResizableAvatar?>

<VBox xmlns:fx="http://javafx.com/fxml" fx:controller="mon_uno.frontal.fragments.FragmentSons" styleClass="conteneur" id="vue-parametre">

    <HBox styleClass="principal">
        <Pane styleClass="grand-espace-horizontal"/>
        <HBox HBox.hgrow="ALWAYS" styleClass="conteneur,rendez-vous" fx:id="horizontalOuVertical">
            <Pane minHeight="20" minWidth="20"/>

        	<ResizableAvatar fx:id="music" minWidth="50" minHeight="50" HBox.hgrow="ALWAYS" styleClass="music"></ResizableAvatar>

            <Pane  minHeight="20" minWidth="20"/>
            
            <HBox HBox.hgrow="ALWAYS" alignment="CENTER">

            <Label
                fx:id="labelNomPremierSon"
                styleClass="label-nom-son">
            </Label>
            <Pane  minHeight="20" minWidth="20"/>
            <Label
                fx:id="labelTemps"
                styleClass="label-nom-son">
            </Label>
            
			</HBox>
            <Pane  minHeight="20" minWidth="20"/>
            <Button fx:id="boutonPlay" text="%pLay" styleClass="gros-bouton" id="bouton-modifier-son"></Button>
            <Pane  minHeight="20" minWidth="20"/>
            <Button 
                fx:id="boutonRetirerSon" 
                text="%retirerSon"
                styleClass="gros-bouton">
            </Button>
        </HBox>
        <Pane styleClass="grand-espace-horizontal"/>
    </HBox>
    <Pane styleClass="petit-espace-vertical"/>
</VBox>