<?xml version="1.0" encoding="UTF-8"?>

<?import javafx.scene.layout.*?>
<?import javafx.scene.control.*?>

<VBox xmlns:fx="http://javafx.com/fxml" fx:controller="pong.frontal.fragments.FragmentPartieEnCours" styleClass="conteneur,vue-rendez-vous">
	<HBox>
		<Pane styleClass="grand-espace-horizontal" />
		<!-- ajouter hgrow -->
		<HBox HBox.hgrow="ALWAYS" styleClass="conteneur,rendez-vous">
			<Button fx:id="boutonJoindrePartie" text="%joindrePartie" styleClass="gros-bouton"></Button>
			<Pane minHeight="20" minWidth="20" />
			<HBox alignment="CENTER_LEFT">
				<Label fx:id="labelNomPremierJoueur" styleClass="label-nom-joueur"></Label>
				<Pane minWidth="20" minHeight="20" />
				<Label text="Vs" styleClass="label-nom-joueur"></Label>
				<Pane minWidth="20" minHeight="20" />
				<Label fx:id="labelNomDeuxiemeJoueur" styleClass="label-nom-joueur"></Label>
			</HBox>
			<!-- ajouter hgrow -->
			<Pane HBox.hgrow="ALWAYS" minWidth="20" minHeight="20" />
			<Button fx:id="boutonRetirerRendezVous" text="%retirerRendezVous" styleClass="gros-bouton,bouton-rouge"></Button>
		</HBox>
		<Pane styleClass="grand-espace-horizontal" />
	</HBox>
	<Pane styleClass="petit-espace-vertical" />
</VBox>