<?xml version="1.0" encoding="UTF-8"?>

<?import javafx.scene.layout.VBox?>
<?import javafx.scene.control.Button?>
<?import javafx.scene.image.ImageView?>
<?import javafx.scene.image.Image?>
<?import javafx.scene.control.Label?>
<?import javafx.scene.layout.Pane?>
<?import javafx.scene.layout.HBox?>
<?import ca.ntro.app.fx.controls.ResizableAvatar?>
<?import javafx.scene.control.ScrollPane?>
<?import javafx.scene.control.TextField?>




<VBox xmlns:fx="http://javafx.com/fxml" fx:controller="mon_uno.frontal.vues.VueParametres" styleClass="conteneur" id="vue-parametre">
<Label text="%lesSons" styleClass="moyen-texte" id="label-sons"/>
   <ResizableAvatar fx:id="son" minWidth="50" minHeight="50" HBox.hgrow="ALWAYS" styleClass="music"></ResizableAvatar>
	<Pane styleClass="petit-espace-vertical" />

	
	<Pane styleClass="grand-espace-vertical" />
 
	<HBox styleClass="conteneur,conteneur-parent">
		<Pane styleClass="grand-espace-horizontal" />
<ScrollPane HBox.hgrow="ALWAYS" fitToWidth="true">
        <content>
		<VBox HBox.hgrow="ALWAYS" styleClass="conteneur" fx:id="conteneurParametres" id="conteneur-parametres"></VBox>
 </content>
    </ScrollPane>
		<Pane styleClass="grand-espace-horizontal" />

	</HBox>
	<Pane  minHeight="20" minWidth="20"/>
	<Button fx:id="boutonAjouter" text="%aJouter" styleClass="gros-bouton" id="bouton-ajouter-son"></Button>
	<Pane  minHeight="20" minWidth="20"/>
	<Button fx:id="boutonAcceuil" text="%retourAcceuil" styleClass="gros-bouton" id="bouton-retour-acceuil"></Button>


	<Pane styleClass="grand-espace-vertical" />

</VBox>
