<?xml version="1.0" encoding="UTF-8"?>

<?import javafx.scene.layout.VBox?>
<?import javafx.scene.control.Button?>
<?import mon_uno.frontal.controles.CanvasSons?>
<?import javafx.scene.layout.HBox?>
<?import javafx.scene.layout.Pane?>

<VBox xmlns:fx="http://javafx.com/fxml" fx:controller="mon_uno.frontal.vues.VueSons" styleClass="conteneur" id="vue-son">
	<Pane styleClass="petit-espace-vertical" />

	<HBox VBox.vgrow="ALWAYS" styleClass="conteneur">

		<Pane styleClass="petit-espace-horizontal" />

		<CanvasSons HBox.hgrow="ALWAYS" fx:id="canvasSons" id="canvas-sons"></CanvasSons>

		<Pane styleClass="petit-espace-horizontal" />

	</HBox>

	<Pane styleClass="petit-espace-vertical" />

	<Button fx:id="bouttonQuitter" text="%quitter" styleClass="gros-bouton" id="bouttonQuitter"></Button>
	<Pane styleClass="petit-espace-vertical" />

</VBox>