{
  "_C": "ModeleFileAttente",
  "prochainIdRendezVous": 4,
  "lesRendezVous": [
    {
      "_C": "RendezVous",
      "idRendezVous": null,
      "premierJoueur": {
        "_C": "Usager",
        "id": "jVP4",
        "nom": "Lagrois",
        "prenom": "Alice"
      }
    },
    {
      "_C": "RendezVous",
      "idRendezVous": null,
      "premierJoueur": {
        "_C": "Usager",
        "id": "BK3m",
        "nom": "Heer",
        "prenom": "Louis"
      }
    },
    {
      "_C": "RendezVous",
      "idRendezVous": null,
      "premierJoueur": {
        "_C": "Usager",
        "id": "x4JM",
        "nom": "Heer",
        "prenom": "Firas"
      }
    }
  ]
}