<?xml version="1.0" encoding="UTF-8"?>

<?import javafx.scene.layout.VBox?>
<?import javafx.scene.control.Button?>
<?import javafx.scene.image.ImageView?>
<?import javafx.scene.image.Image?>
<?import javafx.scene.control.Label?>
<?import javafx.scene.layout.Pane?>
<?import javafx.scene.layout.HBox?>
<?import ca.ntro.app.fx.controls.ResizableAvatar?>

<VBox xmlns:fx="http://javafx.com/fxml" fx:controller="pong.frontal.vues.VueFileAttente" styleClass="conteneur" id="vue-file-attente">

	<Pane styleClass="petit-espace-vertical" />

	<Button fx:id="boutonSInscrire" text="%sInscrire" styleClass="gros-bouton" id="boutonAjouterRendezVous"></Button>

	<!-- ajouter vgrow -->
	<Pane VBox.vgrow="ALWAYS" styleClass="grand-espace-vertical" />

	<HBox styleClass="conteneur">

		<!-- ajouter hgrow -->
		<Pane HBox.hgrow="ALWAYS" styleClass="grand-espace-horizontal" />

		<!-- ajouter hgrow -->
		<VBox HBox.hgrow="ALWAYS" styleClass="conteneur" fx:id="conteneurRendezVous" id="conteneur-rendez-vous"></VBox>

		<!-- ajouter hgrow -->
		<Pane HBox.hgrow="ALWAYS" styleClass="grand-espace-horizontal" />

	</HBox>

	<!-- ajouter vgrow -->
	<Pane VBox.vgrow="ALWAYS" styleClass="grand-espace-vertical" />

</VBox>
